{"cameraMode":{"drawMode":0,"name":"Shaded","section":"Shading Mode"},"sceneLighting":true,"audioPlay":false,"sceneViewState":{"showFog":true,"showMaterialUpdate":false,"showSkybox":true,"showFlares":true,"showImageEffects":true,"showParticleSystems":true},"in2DMode":false,"pivot":{"x":-5.748143196105957,"y":0.9900000095367432,"z":1.880000114440918},"rotation":{"x":0.17172108590602876,"y":-0.6583388447761536,"z":0.1579701155424118,"w":0.7156475782394409},"size":17.70682716369629,"orthographic":true}