{"cameraMode":{"drawMode":0,"name":"Shaded","section":"Shading Mode"},"sceneLighting":true,"audioPlay":false,"sceneViewState":{"showFog":true,"showMaterialUpdate":false,"showSkybox":true,"showFlares":true,"showImageEffects":true,"showParticleSystems":true},"in2DMode":false,"pivot":{"x":363.454833984375,"y":99.46659851074219,"z":306.0666198730469},"rotation":{"x":-0.030002612620592119,"y":-0.9664525389671326,"z":0.2174614518880844,"w":-0.13333915174007417},"size":3.201739549636841,"orthographic":false}