{"cameraMode":{"drawMode":0,"name":"Shaded","section":"Shading Mode"},"sceneLighting":true,"audioPlay":false,"sceneViewState":{"showFog":true,"showMaterialUpdate":false,"showSkybox":true,"showFlares":true,"showImageEffects":true,"showParticleSystems":true},"in2DMode":false,"pivot":{"x":-11.595000267028809,"y":19.07200050354004,"z":-163.75},"rotation":{"x":0.20091752707958222,"y":0.7301416993141174,"z":-0.24180690944194795,"w":0.606675386428833},"size":6.614598274230957,"orthographic":false}