{"cameraMode":{"drawMode":0,"name":"Shaded","section":"Shading Mode"},"sceneLighting":true,"audioPlay":false,"sceneViewState":{"showFog":true,"showMaterialUpdate":false,"showSkybox":true,"showFlares":true,"showImageEffects":true,"showParticleSystems":true},"in2DMode":false,"pivot":{"x":41.446617126464847,"y":55.19856262207031,"z":-33.69451141357422},"rotation":{"x":0.08359938114881516,"y":0.8270310163497925,"z":-0.1277947574853897,"w":0.5410184860229492},"size":190.2449951171875,"orthographic":false}