{"cameraMode":{"drawMode":0,"name":"Shaded","section":"Shading Mode"},"sceneLighting":true,"audioPlay":false,"sceneViewState":{"showFog":true,"showMaterialUpdate":false,"showSkybox":true,"showFlares":true,"showImageEffects":true,"showParticleSystems":true},"in2DMode":false,"pivot":{"x":-0.3062874674797058,"y":2.0559005737304689,"z":-0.6196494102478027},"rotation":{"x":-0.11786068230867386,"y":0.07766808569431305,"z":-0.00924698170274496,"w":-0.9899453520774841},"size":3.8670217990875246,"orthographic":false}