{"cameraMode":{"drawMode":0,"name":"Shaded","section":"Shading Mode"},"sceneLighting":true,"audioPlay":false,"sceneViewState":{"showFog":true,"showMaterialUpdate":false,"showSkybox":true,"showFlares":true,"showImageEffects":true,"showParticleSystems":true},"in2DMode":false,"pivot":{"x":19.408309936523439,"y":-33.79911804199219,"z":-26.523387908935548},"rotation":{"x":-0.09734228998422623,"y":-0.785317063331604,"z":0.1278611123561859,"w":-0.5978736877441406},"size":52.68375778198242,"orthographic":false}